--Test Data


DELETE FROM VehicleRental.user;

--Users
insert into VehicleRental.user (id, title, name, phone, city, country, postcode, email, password) values (1, 'Mrs', 'Maggy Geist', '7511745483', 'Khoramabad', 'Iran', null, 'mgeist0@bizjournals.com', 'CaBnsUCd');
insert into VehicleRental.user (id, title, name, phone, city, country, postcode, email, password) values (2, 'Mrs', 'Hope Laurent', '8046708603',  'Soledad', 'Colombia', '368206', 'hlaurent1@thetimes.co.uk', 'KNNASY');
insert into VehicleRental.user (id, title, name, phone, city, country, postcode, email, password) values (3, 'Mr', 'Ruddie Tomlinson', '7744047399', 'Huambo', 'Angola', null, 'rtomlinson2@state.tx.us', 'IVx8wnEg');
insert into VehicleRental.user (id, title, name, phone, city, country, postcode, email, password) values (4, 'Mr', 'Wendeline Main', '8734172806', 'Sultanbeyli', 'Turkey', null, 'wmain3@arstechnica.com', '9WiNNyvD');
insert into VehicleRental.user (id, title, name, phone, city, country, postcode, email, password) values (5, 'Dr', 'Dilan Vasyutkin', '9123573376', 'Yancheng', 'China', null, 'dvasyutkin4@delicious.com', 'uOMknGiDPmH');
insert into VehicleRental.user (id, title, name, phone, city, country, postcode, email, password) values (6, 'Rev', 'Cris Cline', '1838353908', 'M Sila', 'Algeria', '802-0044', 'ccline5@tmall.com', 'LLcdDpQ');
insert into VehicleRental.user (id, title, name, phone, city, country, postcode, email, password) values (7, 'Ms', 'Toby Korb', '5153149078', 'San Fernando City, La Union', 'Philippines', null, 'tkorb6@gizmodo.com', 'qtmgJsjXHN8');
insert into VehicleRental.user (id, title, name, phone, city, country, postcode, email, password) values (8, 'Mrs', 'Ban Meconi', '2058141174', 'Montes Claros', 'Brazil', '35236', 'bmeconi7@paypal.com', 'YYNDQa3Yedj');
insert into VehicleRental.user (id, title, name, phone, city, country, postcode, email, password) values (9, 'Rev', 'Teddy Rosenauer', '2077204640', 'Rotherham', 'United Kingdom', '851 72', 'trosenauer8@zimbio.com', 'XmXt54H');
insert into VehicleRental.user (id, title, name, phone, city, country, postcode, email, password) values (10, 'Dr', 'Kathlin MacKnocker', '5142194940', 'Portsmouth', 'United Kingdom', '61104 CEDEX', 'kmacknocker9@slate.com', 'Z88B5DITVXp');
insert into VehicleRental.user (id, title, name, phone, city, country, postcode, email, password) values (11, 'Ms', 'Derrick Porrett', '9171010086', 'Sunderland', 'United Kingdom', null, 'dporretta@multiply.com', 'cMjfSPu');
insert into VehicleRental.user (id, title, name, phone, city, country, postcode, email, password) values (12, 'Rev', 'Giuseppe Dabinett', '8545339042', 'Leicester', 'United Kingdom', null, 'gdabinettb@free.fr', 'pUDUm3tbC');
insert into VehicleRental.user (id, title, name, phone, city, country, postcode, email, password) values (13, 'Mrs', 'Darsey Elgy', '3196599253', 'Leicester', 'United Kingdom', null, 'delgyc@privacy.gov.au', 'vm35F3ghDX');
insert into VehicleRental.user (id, title, name, phone, city, country, postcode, email, password) values (14, 'Honorable', 'Isabel Leece', '5992535478', 'Leicester', 'United Kingdom', '6022', 'ileeced@google.com.au', 'JMnXgz1ma06');
insert into VehicleRental.user (id, title, name, phone, city, country, postcode, email, password) values (15, 'Honorable', 'Vivi Standish-Brooks', '3184936172', 'Leicester', 'United Kingdom', '762027', 'vstandishbrookse@about.me', 'mOx9G7');
insert into VehicleRental.user (id, title, name, phone, city, country, postcode, email, password) values (16, 'Mr', 'Dennison Bome', '3592632872', 'Leicester', 'United Kingdom', '19-411', 'dbomef@de.vu', 'gD13zjHqUX');
insert into VehicleRental.user (id, title, name, phone, city, country, postcode, email, password) values (17, 'Dr', 'Phaedra Borchardt', '8957953125', 'Leicester', 'United Kingdom', '42250', 'pborchardtg@bravesites.com', 'QRKv2L5U0JN');
insert into VehicleRental.user (id, title, name, phone, city, country, postcode, email, password) values (18, 'Ms', 'Lianna Grady', '7131646537', 'Leicester', 'United Kingdom', '29360-000', 'lgradyh@independent.co.uk', 'VRTvMbJN');
insert into VehicleRental.user (id, title, name, phone, city, country, postcode, email, password) values (19, 'Rev', 'Madelin Ruprecht', '5506411546', 'Leicester', 'United Kingdom', null, 'mruprechti@twitpic.com', 'cGSDi6vO');
insert into VehicleRental.user (id, title, name, phone, city, country, postcode, email, password) values (20, 'Mrs', 'Gaven Matfield', '2853910317', 'Leicester', 'United Kingdom', '152730', 'gmatfieldj@360.cn', 'MEZl51mmLHq');
insert into VehicleRental.user (id, title, name, phone, city, country, postcode, email, password) values (21, 'Mrs', 'Windy Limpenny', '2158364287', 'Leicester', 'United Kingdom', '4001', 'wlimpennyk@google.fr', '4es4uivZ');
insert into VehicleRental.user (id, title, name, phone, city, country, postcode, email, password) values (22, 'Ms', 'Bear Pettipher', '5042850327', 'Leicester', 'United Kingdom', '70149', 'bpettipherl@auda.org.au', 'ngRjROJkt');
insert into VehicleRental.user (id, title, name, phone, city, country, postcode, email, password) values (23, 'Honorable', 'Marcile Mayer', '6202200315', 'Leicester', 'United Kingdom', '652380', 'mmayerm@abc.net.au', 'PWUFusLIXx0G');
insert into VehicleRental.user (id, title, name, phone, city, country, postcode, email, password) values (24, 'Dr', 'Arlette Mouan', '5406121160', 'Leicester', 'United Kingdom', '4224', 'amouann@jimdo.com', 'FzDOxgw');
insert into VehicleRental.user (id, title, name, phone, city, country, postcode, email, password) values (25, 'Ms', 'Mala Screwton', '8685860728', 'Leicester', 'United Kingdom', '39804 CEDEX', 'mscrewtono@bravesites.com', 'cY5pa6H6w');
insert into VehicleRental.user (id, title, name, phone, city, country, postcode, email, password) values (26, 'Mrs', 'Micheal Yedy', '9391678520', 'Leicester', 'United Kingdom', null, 'myedyp@bbb.org', 'dslFkdS4h');
insert into VehicleRental.user (id, title, name, phone, city, country, postcode, email, password) values (27, 'Honorable', 'Ellyn Blowne', '6649141682', 'Leicester', 'United Kingdom', null, 'eblowneq@army.mil', 'f3xyBo2pZ');
insert into VehicleRental.user (id, title, name, phone, city, country, postcode, email, password) values (28, 'Rev', 'Darda Grix', '1849878467', 'Dudley', 'United Kingdom', null, 'dgrixr@uiuc.edu', '8WyMuq6r');
insert into VehicleRental.user (id, title, name, phone, city, country, postcode, email, password) values (29, 'Rev', 'Frances Mason', '1706802366', 'Middlesbrough', 'United Kingdom', '6821', 'fmasons@woothemes.com', 'oMYONMP');
insert into VehicleRental.user (id, title, name, phone, city, country, postcode, email, password) values (30, 'Ms', 'Gene Bush', '9362101182', 'Solihull', 'United Kingdom', '399345', 'gbusht@adobe.com', 'N5rV1pbGh');
insert into VehicleRental.user (id, title, name, phone, city, country, postcode, email, password) values (31, 'Ms', 'Clementius Dowgill', '5216170138', 'Derby', 'United Kingdom', null, 'cdowgillu@twitpic.com', '4ZOaUjzuiqnc');
insert into VehicleRental.user (id, title, name, phone, city, country, postcode, email, password) values (32, 'Honorable', 'Eveleen Beltzner', '1826608063', 'Walsall', 'United Kingdom', '0769', 'ebeltznerv@japanpost.jp', 'dYQFObE94wHg');
insert into VehicleRental.user (id, title, name, phone, city, country, postcode, email, password) values (33, 'Honorable', 'Lynelle Lambricht', '5588735366', 'Dundee', 'United Kingdom', null, 'llambrichtw@twitpic.com', 'DMtEf1DNY1z');
insert into VehicleRental.user (id, title, name, phone, city, country, postcode, email, password) values (34, 'Mrs', 'Farlie Lazare', '6214687041', 'Southampton', 'United Kingdom', '51253', 'flazarex@japanpost.jp', 'z37jfFk42fe');
insert into VehicleRental.user (id, title, name, phone, city, country, postcode, email, password) values (35, 'Honorable', 'Donella Lamzed', '6204823978', 'Sutton Coldfield', 'United Kingdom', null, 'dlamzedy@home.pl', 'GUadJiXBEUtV');
insert into VehicleRental.user (id, title, name, phone, city, country, postcode, email, password) values (36, 'Honorable', 'Faye Jenks', '6043457332', 'Leeds', 'United Kingdom', null, 'fjenksz@hugedomains.com', 'TIOiya');
insert into VehicleRental.user (id, title, name, phone, city, country, postcode, email, password) values (37, 'Mrs', 'Boone Biscomb', '4558612807', 'Ipswich', 'United Kingdom', '143818', 'bbiscomb10@engadget.com', 'O2987lArJfj');
insert into VehicleRental.user (id, title, name, phone, city, country, postcode, email, password) values (38, 'Rev', 'Nora Kayne', '8505571209', 'Warrington', 'United Kingdom', null, 'nkayne11@dedecms.com', 'ETBxBg94kSF');
insert into VehicleRental.user (id, title, name, phone, city, country, postcode, email, password) values (39, 'Rev', 'Jeana Erricker', '6786971767', 'Maidstone', 'United Kingdom', '779-0311', 'jerricker12@cdc.gov', 'FOvJCBW');
insert into VehicleRental.user (id, title, name, phone, city, country, postcode, email, password) values (40, 'Rev', 'Eleen Haslen', '3407229485', 'Edinburgh', 'United Kingdom', '2213', 'ehaslen13@home.pl', 'fzeBiZqg');
insert into VehicleRental.user (id, title, name, phone, city, country, postcode, email, password) values (41, 'Mrs', 'Cello Stanbro', '3591837986', 'West Bromwich', 'United Kingdom', null, 'cstanbro14@ow.ly', 'WWe7gL');
insert into VehicleRental.user (id, title, name, phone, city, country, postcode, email, password) values (42, 'Mr', 'Dennis Mewitt', '3982385663', 'Exeter', 'United Kingdom', '2775-389', 'dmewitt15@reddit.com', 'ZQs8v3hOtc');
insert into VehicleRental.user (id, title, name, phone, city, country, postcode, email, password) values (43, 'Ms', 'Sher Shera', '7506095050', 'Sheffield', 'United Kingdom', null, 'sshera16@prweb.com', 'JsVFOIk2WKZ');
insert into VehicleRental.user (id, title, name, phone, city, country, postcode, email, password) values (44, 'Honorable', 'Griz Fullard', '7787947265', 'Carlisle', 'United Kingdom', null, 'gfullard17@statcounter.com', 'QZ4D0ty');
insert into VehicleRental.user (id, title, name, phone, city, country, postcode, email, password) values (45, 'Mrs', 'Muhammad Iggulden', '9395439646', 'Milton Keynes', 'United Kingdom', null, 'miggulden18@github.com', '9lmtmJ');
insert into VehicleRental.user (id, title, name, phone, city, country, postcode, email, password) values (46, 'Honorable', 'Donaugh Khosa', '9858110877', 'Bradford', 'United Kingdom', '87-840', 'dkhosa19@geocities.jp', 'iajx3Xm');
insert into VehicleRental.user (id, title, name, phone, city, country, postcode, email, password) values (47, 'Mrs', 'Mord Gudge', '3081301321', 'Birmingham', 'United Kingdom', null, 'mgudge1a@cbc.ca', 'RaZtQALRs7');
insert into VehicleRental.user (id, title, name, phone, city, country, postcode, email, password) values (48, 'Dr', 'Amelita Bennough', '3324435934', 'Sheffield', 'United Kingdom', null, 'abennough1b@timesonline.co.uk', 'zz6t9m');
insert into VehicleRental.user (id, title, name, phone, city, country, postcode, email, password) values (49, 'Mrs', 'Anissa Jahnke', '3591172700', 'Carlisle', 'United Kingdom', '9604', 'ajahnke1c@reverbnation.com', 'UMnuBC45');
insert into VehicleRental.user (id, title, name, phone, city, country, postcode, email, password) values (50, 'Honorable', 'Tait Mill', '4477615417', 'Oxford', 'United Kingdom', '6201', 'tmill1d@fotki.com', 'MCl3gc5jsY');

--Vehicles

insert into VehicleRental.vehicle_listing (registration, owner_id, vehicletype, doors, colour, make, model, year, price, info, city, country, mileage) values ('SC21840', 1, 'bike', 4, 'Red', 'Nissan', 'Maxima', '1993', 35.49, 'test data, test data, test data, test data', 'Khoramabad', 'Iran', '405309');
insert into VehicleRental.vehicle_listing (registration, owner_id, vehicletype, doors, colour, make, model, year, price, info, city, country, mileage) values ('K951856', 2, 'bike', 2, 'Blue', 'Ford', 'Windstar', "2002", 81.06, 'test data, test data, test data, test data', 'Soledad', 'Colombia', '405309');
insert into VehicleRental.vehicle_listing (registration, owner_id, vehicletype, doors, colour, make, model, year, price, info, city, country, mileage) values ('E393UU', 3, 'car', 2, 'Purple', 'Chrysler', '300', "2006", 78.12, 'test data, test data, test data, test data', 'Huambo', 'Angola', '405309');
insert into VehicleRental.vehicle_listing (registration, owner_id, vehicletype, doors, colour, make, model, year, price, info, city, country, mileage) values ('SC75545', 4, 'Van', 4, 'Aquamarine', 'Cadillac', 'CTS', "2003", 61.13, 'test data, test data, test data, test data', 'Sultanbeyli', 'Turkey', '405309');
insert into VehicleRental.vehicle_listing (registration, owner_id, vehicletype, doors, colour, make, model, year, price, info, city, country, mileage) values ('HVF597', 5, 'car', 3, 'Turquoise', 'Chevrolet', 'Silverado 3500', "2004", 50.37, 'test data, test data, test data, test data', 'Yancheng', 'China', '405309');
insert into VehicleRental.vehicle_listing (registration, owner_id, vehicletype, doors, colour, make, model, year, price, info, city, country, mileage) values ('5KWG438', 6, 'car', 2, 'Yellow', 'Ford', 'Bronco', "1993", 95.56, 'test data, test data, test data, test data', 'M Sila', 'Algeria', '405309');
insert into VehicleRental.vehicle_listing (registration, owner_id, vehicletype, doors, colour, make, model, year, price, info, city, country, mileage) values ('001PBK', 7, 'bike', 4, 'Teal', 'Pontiac', 'G6', "2005", 183.81, 'test data, test data, test data, test data', 'San Fernando City, La Union', 'Philippines', '405309');
insert into VehicleRental.vehicle_listing (registration, owner_id, vehicletype, doors, colour, make, model, year, price, info, city, country, mileage) values ('7AAA863', 8, 'bike', 2, 'Orange', 'Mitsubishi', 'Diamante', "1994", 84.77, 'test data, test data, test data, test data', 'Montes Claros', 'Brazil', '405309');
insert into VehicleRental.vehicle_listing (registration, owner_id, vehicletype, doors, colour, make, model, year, price, info, city, country, mileage) values ('SV27100', 9, 'car', 4, 'Turquoise', 'Nissan', 'GT-R', "2010", 30.98, 'test data, test data, test data, test data', 'Rotherham', 'United Kingdom', '405309');
insert into VehicleRental.vehicle_listing (registration, owner_id, vehicletype, doors, colour, make, model, year, price, info, city, country, mileage) values ('HPD4851', 10, 'bike', 2, 'Fuscia', 'Mitsubishi', '3000GT', "1998", 22.47, 'test data, test data, test data, test data', 'Portsmouth', 'United Kingdom', '405309');
insert into VehicleRental.vehicle_listing (registration, owner_id, vehicletype, doors, colour, make, model, year, price, info, city, country, mileage) values ('617LGQ', 11, 'car', 2, 'Orange', 'Ford', 'Escape', "2012", 36.52, 'test data, test data, test data, test data', 'Leicester', 'United Kingdom', '405309');
insert into VehicleRental.vehicle_listing (registration, owner_id, vehicletype, doors, colour, make, model, year, price, info, city, country, mileage) values ('136253', 12, 'bike', 2, 'Orange', 'BMW', '5 Series', "2003", 55.13, 'test data, test data, test data, test data', 'Sunderland', 'United Kingdom', '405309');
insert into VehicleRental.vehicle_listing (registration, owner_id, vehicletype, doors, colour, make, model, year, price, info, city, country, mileage) values ('BEL1547', 13, 'bike', 4, 'Pink', 'Mitsubishi', 'Tredia', "1985", 35.71, 'test data, test data, test data, test data', 'Leicester', 'United Kingdom', '405309');
insert into VehicleRental.vehicle_listing (registration, owner_id, vehicletype, doors, colour, make, model, year, price, info, city, country, mileage) values ('LHG82', 14, 'Van', 4, 'Crimson', 'Chrysler', 'PT Cruiser', "2009", 60.57, 'test data, test data, test data, test data', 'Leicester', 'United Kingdom', '405309');
insert into VehicleRental.vehicle_listing (registration, owner_id, vehicletype, doors, colour, make, model, year, price, info, city, country, mileage) values ('ONEOF1', 15, 'car', 3, 'Purple', 'Hyundai', 'Elantra', "1993", 53.13, 'test data, test data, test data, test data', 'Leicester', 'United Kingdom', '405309');
insert into VehicleRental.vehicle_listing (registration, owner_id, vehicletype, doors, colour, make, model, year, price, info, city, country, mileage) values ('2DS7603', 16, 'bike', 2, 'Green', 'Mercury', 'Mariner', "2005", 89.68, 'test data, test data, test data, test data', 'Leicester', 'United Kingdom', '405309');
insert into VehicleRental.vehicle_listing (registration, owner_id, vehicletype, doors, colour, make, model, year, price, info, city, country, mileage) values ('FLP142', 17, 'Van', 3, 'Pink', 'Porsche', '911', "1992", 70.88, 'test data, test data, test data, test data', 'Leicester', 'United Kingdom', '405309');
insert into VehicleRental.vehicle_listing (registration, owner_id, vehicletype, doors, colour, make, model, year, price, info, city, country, mileage) values ('919SCM', 18, 'car', 3, 'Blue', 'GMC', 'Yukon', "2013", 83.34, 'test data, test data, test data, test data', 'Leicester', 'United Kingdom', '405309');
insert into VehicleRental.vehicle_listing (registration, owner_id, vehicletype, doors, colour, make, model, year, price, info, city, country, mileage) values ('FGZ1183', 19, 'Van', 4, 'Pink', 'Mercury', 'Capri', "1985", 29.06, 'test data, test data, test data, test data', 'Leicester', 'United Kingdom', '405309');
insert into VehicleRental.vehicle_listing (registration, owner_id, vehicletype, doors, colour, make, model, year, price, info, city, country, mileage) values ('6853OP', 20, 'Van', 4, 'Violet', 'Volkswagen', 'Jetta', "2009", 58.64, 'test data, test data, test data, test data', 'Leicester', 'United Kingdom', '405309');
insert into VehicleRental.vehicle_listing (registration, owner_id, vehicletype, doors, colour, make, model, year, price, info, city, country, mileage) values ('8CPA765', 21, 'bike', 2, 'Crimson', 'Land Rover', 'Range Rover', "1992", 104.26, 'test data, test data, test data, test data', 'Leicester', 'United Kingdom', '405309');
insert into VehicleRental.vehicle_listing (registration, owner_id, vehicletype, doors, colour, make, model, year, price, info, city, country, mileage) values ('6ZVS689', 22, 'Van', 4, 'Purple', 'Mazda', 'Miata MX-5', "2012", 90.11, 'test data, test data, test data, test data', 'Dudley', 'United Kingdom', '405309');
insert into VehicleRental.vehicle_listing (registration, owner_id, vehicletype, doors, colour, make, model, year, price, info, city, country, mileage) values ('4T1BK1EB8EU800155', 23, 'Van', 4, 'Pink', 'Pontiac', 'Montana', "2005", 89.46, 'test data, test data, test data, test data', 'Middlesbrough', 'United Kingdom', '405309');
insert into VehicleRental.vehicle_listing (registration, owner_id, vehicletype, doors, colour, make, model, year, price, info, city, country, mileage) values ('XZ663S', 24, 'bike', 4, 'Green', 'Chevrolet', 'HHR Panel', "2006", 79.33, 'test data, test data, test data, test data', 'Solihull', 'United Kingdom', '405309');
insert into VehicleRental.vehicle_listing (registration, owner_id, vehicletype, doors, colour, make, model, year, price, info, city, country, mileage) values ('475MZM', 26, 'Van', 4, 'Crimson', 'Cadillac', 'STS', "2010", 52.44, 'test data, test data, test data, test data', 'Walsall', 'United Kingdom', '405309');
insert into VehicleRental.vehicle_listing (registration, owner_id, vehicletype, doors, colour, make, model, year, price, info, city, country, mileage) values ('SC39190', 27, 'bike', 3, 'Yellow', 'Chevrolet', 'Caprice Classic', "1995", 58.88, 'test data, test data, test data, test data', 'Dundee', 'United Kingdom', '405309');
insert into VehicleRental.vehicle_listing (registration, owner_id, vehicletype, doors, colour, make, model, year, price, info, city, country, mileage) values ('4URV962', 28, 'bike', 2, 'Teal', 'Kia', 'Sephia', "1998", 91.43, 'test data, test data, test data, test data', 'Southampton', 'United Kingdom', '405309');
insert into VehicleRental.vehicle_listing (registration, owner_id, vehicletype, doors, colour, make, model, year, price, info, city, country, mileage) values ('SC41182', 29, 'car', 3, 'Red', 'BMW', 'X5', "2002", 28.33, 'test data, test data, test data, test data', 'Sutton Coldfield', 'United Kingdom', '405309');
insert into VehicleRental.vehicle_listing (registration, owner_id, vehicletype, doors, colour, make, model, year, price, info, city, country, mileage) values ('309LLB', 30, 'car', 3, 'Turquoise', 'Honda', 'Pilot', "2011", 59.01, 'test data, test data, test data, test data', 'Leeds', 'United Kingdom', '405309');
insert into VehicleRental.vehicle_listing (registration, owner_id, vehicletype, doors, colour, make, model, year, price, info, city, country, mileage) values ('3BG481', 31, 'bike', 3, 'Fuscia', 'Jaguar', 'XJ', "2008", 88.56, 'test data, test data, test data, test data', 'Ipswich', 'United Kingdom', '405309');
insert into VehicleRental.vehicle_listing (registration, owner_id, vehicletype, doors, colour, make, model, year, price, info, city, country, mileage) values ('8AHN921', 32, 'bike', 4, 'Khaki', 'Nissan', 'Pathfinder', "2004", 90.72, 'test data, test data, test data, test data', 'Maidstone', 'United Kingdom', '405309');
insert into VehicleRental.vehicle_listing (registration, owner_id, vehicletype, doors, colour, make, model, year, price, info, city, country, mileage) values ('3C6LD4B', 33, 'car', 4, 'Crimson', 'Scion', 'tC', "2008", 101.29, 'test data, test data, test data, test data', 'Warrington', 'United Kingdom', '405309');
insert into VehicleRental.vehicle_listing (registration, owner_id, vehicletype, doors, colour, make, model, year, price, info, city, country, mileage) values ('JTHBL1EF', 34, 'car', 3, 'Mauv', 'Ford', 'Mustang', "1997", 24.01, 'test data, test data, test data, test data', 'Edinburgh', 'United Kingdom', '405309');
insert into VehicleRental.vehicle_listing (registration, owner_id, vehicletype, doors, colour, make, model, year, price, info, city, country, mileage) values ('3GTXCYEJ', 35, 'Van', 2, 'Turquoise', 'Subaru', 'XT', "1988", 45.76, 'test data, test data, test data, test data', 'West Bromwich', 'United Kingdom', '405309');
insert into VehicleRental.vehicle_listing (registration, owner_id, vehicletype, doors, colour, make, model, year, price, info, city, country, mileage) values ('WA1CYBFE', 36, 'car', 2, 'Teal', 'Audi', 'S8', "2003", 41.44, 'test data, test data, test data, test data', 'Exeter', 'United Kingdom', '405309');
insert into VehicleRental.vehicle_listing (registration, owner_id, vehicletype, doors, colour, make, model, year, price, info, city, country, mileage) values ('1FT7W2A6', 37, 'car', 4, 'Aquamarine', 'Mitsubishi', 'Galant', "1994", 91.97, 'test data, test data, test data, test data', 'Peterborough', 'United Kingdom', '405309');
insert into VehicleRental.vehicle_listing (registration, owner_id, vehicletype, doors, colour, make, model, year, price, info, city, country, mileage) values ('3GYFNEEY', 38, 'car', 3, 'Teal', 'Acura', 'NSX', "2003", 76.01, 'test data, test data, test data, test data', 'Sheffield', 'United Kingdom', '405309');
insert into VehicleRental.vehicle_listing (registration, owner_id, vehicletype, doors, colour, make, model, year, price, info, city, country, mileage) values ('5TDDK3DC', 39, 'Van', 3, 'Puce', 'Volkswagen', 'Cabriolet', "1997", 83.5, 'test data, test data, test data, test data', 'Carlisle', 'United Kingdom', '405309');
insert into VehicleRental.vehicle_listing (registration, owner_id, vehicletype, doors, colour, make, model, year, price, info, city, country, mileage) values ('WBY2Z2C5', 40, 'Van', 3, 'Fuscia', 'Aston Martin', 'DB9', "2005", 78.08, 'test data, test data, test data, test data', 'Oxford', 'United Kingdom', '405309');
insert into VehicleRental.vehicle_listing (registration, owner_id, vehicletype, doors, colour, make, model, year, price, info, city, country, mileage) values ('2C3CCAHG', 41, 'Van', 4, 'Pink', 'Cadillac', 'STS-V', "2009", 38.16, 'test data, test data, test data, test data', 'Birmingham', 'United Kingdom', '405309');
insert into VehicleRental.vehicle_listing (registration, owner_id, vehicletype, doors, colour, make, model, year, price, info, city, country, mileage) values ('1FTSW3B5', 42, 'bike', 3, 'Yellow', 'Porsche', '924', "1988", 41.68, 'test data, test data, test data, test data', 'Bradford', 'United Kingdom', '405309');
insert into VehicleRental.vehicle_listing (registration, owner_id, vehicletype, doors, colour, make, model, year, price, info, city, country, mileage) values ('WDDEJ7KB', 43, 'bike', 2, 'Purple', 'Lexus', 'ES', "2004", 81.96, 'test data, test data, test data, test data', 'Milton Keynes', 'United Kingdom', '405309');
insert into VehicleRental.vehicle_listing (registration, owner_id, vehicletype, doors, colour, make, model, year, price, info, city, country, mileage) values ('KNALW4D4', 44, 'car', 2, 'Fuscia', 'Ford', 'Escort', "1999", 85.68, 'test data, test data, test data, test data', 'Leicester', 'United Kingdom', '405309');
insert into VehicleRental.vehicle_listing (registration, owner_id, vehicletype, doors, colour, make, model, year, price, info, city, country, mileage) values ('WAUJC68E', 45, 'car', 2, 'Pink', 'Hyundai', 'Accent', "2009", 117.71, 'test data, test data, test data, test data', 'Leicester', 'United Kingdom', '405309');
insert into VehicleRental.vehicle_listing (registration, owner_id, vehicletype, doors, colour, make, model, year, price, info, city, country, mileage) values ('2G4WC582', 46, 'bike', 2, 'Blue', 'Toyota', '4Runner', "2009", 20.01, 'test data, test data, test data, test data', 'Leicester', 'United Kingdom', '405309');
insert into VehicleRental.vehicle_listing (registration, owner_id, vehicletype, doors, colour, make, model, year, price, info, city, country, mileage) values ('WBA3N7C5', 47, 'car', 2, 'Aquamarine', 'Alfa Romeo', '164', "1993", 86.16, 'test data, test data, test data, test data', 'Leicester', 'United Kingdom', '405309');
insert into VehicleRental.vehicle_listing (registration, owner_id, vehicletype, doors, colour, make, model, year, price, info, city, country, mileage) values ('WAUJC68A', 48, 'bike', 2, 'Fuscia', 'Mazda', 'MPV', "1989", 23.0, 'test data, test data, test data, test data', 'Leicester', 'United Kingdom', '405309');
insert into VehicleRental.vehicle_listing (registration, owner_id, vehicletype, doors, colour, make, model, year, price, info, city, country, mileage) values ('JH4KB265', 49, 'bike', 2, 'Violet', 'Dodge', 'Ram Van 1500', "1996", 55.48, 'test data, test data, test data, test data', 'Leicester', 'United Kingdom', '405309');
insert into VehicleRental.vehicle_listing (registration, owner_id, vehicletype, doors, colour, make, model, year, price, info, city, country, mileage) values ('3D7TP2CT', 50, 'car', 3, 'Aquamarine', 'Lincoln', 'Continental Mark VII', "1992", 43.52, 'test data, test data, test data, test data', 'Leicester', 'United Kingdom', '405309');

--Images

insert into VehicleRental.upload_file_response (id, file_download_uri, file_name, file_type, size, vehicle_id) values (1, 'http://localhost:8080/downloadFile/031913700_1206527439.png', '031913700_1206527439.png', 'image/png', 190560, 'SC21840');
insert into VehicleRental.upload_file_response (id, file_download_uri, file_name, file_type, size, vehicle_id) values (2, 'http://localhost:8080/downloadFile/031913700_1206527439.png', '031913700_1206527439.png', 'image/png', 190560, 'K951856');
insert into VehicleRental.upload_file_response (id, file_download_uri, file_name, file_type, size, vehicle_id) values (3, 'http://localhost:8080/downloadFile/031913700_1206527439.png', '031913700_1206527439.png', 'image/png', 190560, 'E393UU');
insert into VehicleRental.upload_file_response (id, file_download_uri, file_name, file_type, size, vehicle_id) values (4, 'http://localhost:8080/downloadFile/031913700_1206527439.png', '031913700_1206527439.png', 'image/png', 190560, 'SC75545');
insert into VehicleRental.upload_file_response (id, file_download_uri, file_name, file_type, size, vehicle_id) values (5, 'http://localhost:8080/downloadFile/031913700_1206527439.png', '031913700_1206527439.png', 'image/png', 190560, 'HVF597');
insert into VehicleRental.upload_file_response (id, file_download_uri, file_name, file_type, size, vehicle_id) values (6, 'http://localhost:8080/downloadFile/031913700_1206527439.png', '031913700_1206527439.png', 'image/png', 190560, '5KWG438');
insert into VehicleRental.upload_file_response (id, file_download_uri, file_name, file_type, size, vehicle_id) values (7, 'http://localhost:8080/downloadFile/031913700_1206527439.png', '031913700_1206527439.png', 'image/png', 190560, '001PBK');
insert into VehicleRental.upload_file_response (id, file_download_uri, file_name, file_type, size, vehicle_id) values (8, 'http://localhost:8080/downloadFile/031913700_1206527439.png', '031913700_1206527439.png', 'image/png', 190560, '7AAA863');
insert into VehicleRental.upload_file_response (id, file_download_uri, file_name, file_type, size, vehicle_id) values (9, 'http://localhost:8080/downloadFile/031913700_1206527439.png', '031913700_1206527439.png', 'image/png', 190560, 'SV27100');
insert into VehicleRental.upload_file_response (id, file_download_uri, file_name, file_type, size, vehicle_id) values (10, 'http://localhost:8080/downloadFile/031913700_1206527439.png', '031913700_1206527439.png', 'image/png', 190560, 'HPD4851');
insert into VehicleRental.upload_file_response (id, file_download_uri, file_name, file_type, size, vehicle_id) values (11, 'http://localhost:8080/downloadFile/031913700_1206527439.png', '031913700_1206527439.png', 'image/png', 190560, '617LGQ');
insert into VehicleRental.upload_file_response (id, file_download_uri, file_name, file_type, size, vehicle_id) values (12, 'http://localhost:8080/downloadFile/031913700_1206527439.png', '031913700_1206527439.png', 'image/png', 190560, '136253');
insert into VehicleRental.upload_file_response (id, file_download_uri, file_name, file_type, size, vehicle_id) values (13, 'http://localhost:8080/downloadFile/031913700_1206527439.png', '031913700_1206527439.png', 'image/png', 190560, 'BEL1547');
insert into VehicleRental.upload_file_response (id, file_download_uri, file_name, file_type, size, vehicle_id) values (14, 'http://localhost:8080/downloadFile/031913700_1206527439.png', '031913700_1206527439.png', 'image/png', 190560, 'LHG82');
insert into VehicleRental.upload_file_response (id, file_download_uri, file_name, file_type, size, vehicle_id) values (15, 'http://localhost:8080/downloadFile/031913700_1206527439.png', '031913700_1206527439.png', 'image/png', 190560, 'ONEOF1');
insert into VehicleRental.upload_file_response (id, file_download_uri, file_name, file_type, size, vehicle_id) values (16, 'http://localhost:8080/downloadFile/031913700_1206527439.png', '031913700_1206527439.png', 'image/png', 190560, '2DS7603');
insert into VehicleRental.upload_file_response (id, file_download_uri, file_name, file_type, size, vehicle_id) values (17, 'http://localhost:8080/downloadFile/031913700_1206527439.png', '031913700_1206527439.png', 'image/png', 190560, 'FLP142');
insert into VehicleRental.upload_file_response (id, file_download_uri, file_name, file_type, size, vehicle_id) values (18, 'http://localhost:8080/downloadFile/031913700_1206527439.png', '031913700_1206527439.png', 'image/png', 190560, '919SCM');
insert into VehicleRental.upload_file_response (id, file_download_uri, file_name, file_type, size, vehicle_id) values (19, 'http://localhost:8080/downloadFile/031913700_1206527439.png', '031913700_1206527439.png', 'image/png', 190560, 'FGZ1183');
insert into VehicleRental.upload_file_response (id, file_download_uri, file_name, file_type, size, vehicle_id) values (20, 'http://localhost:8080/downloadFile/031913700_1206527439.png', '031913700_1206527439.png', 'image/png', 190560, '6853OP');
insert into VehicleRental.upload_file_response (id, file_download_uri, file_name, file_type, size, vehicle_id) values (21, 'http://localhost:8080/downloadFile/031913700_1206527439.png', '031913700_1206527439.png', 'image/png', 190560, '8CPA765');
insert into VehicleRental.upload_file_response (id, file_download_uri, file_name, file_type, size, vehicle_id) values (22, 'http://localhost:8080/downloadFile/031913700_1206527439.png', '031913700_1206527439.png', 'image/png', 190560, '6ZVS689');
insert into VehicleRental.upload_file_response (id, file_download_uri, file_name, file_type, size, vehicle_id) values (23, 'http://localhost:8080/downloadFile/031913700_1206527439.png', '031913700_1206527439.png', 'image/png', 190560, '4T1BK1EB8EU800155');
insert into VehicleRental.upload_file_response (id, file_download_uri, file_name, file_type, size, vehicle_id) values (24, 'http://localhost:8080/downloadFile/031913700_1206527439.png', '031913700_1206527439.png', 'image/png', 190560, 'XZ663S');
insert into VehicleRental.upload_file_response (id, file_download_uri, file_name, file_type, size, vehicle_id) values (25, 'http://localhost:8080/downloadFile/031913700_1206527439.png', '031913700_1206527439.png', 'image/png', 190560, '475MZM');
insert into VehicleRental.upload_file_response (id, file_download_uri, file_name, file_type, size, vehicle_id) values (26, 'http://localhost:8080/downloadFile/031913700_1206527439.png', '031913700_1206527439.png', 'image/png', 190560, 'SC39190');
insert into VehicleRental.upload_file_response (id, file_download_uri, file_name, file_type, size, vehicle_id) values (27, 'http://localhost:8080/downloadFile/031913700_1206527439.png', '031913700_1206527439.png', 'image/png', 190560, '4URV962');
insert into VehicleRental.upload_file_response (id, file_download_uri, file_name, file_type, size, vehicle_id) values (28, 'http://localhost:8080/downloadFile/031913700_1206527439.png', '031913700_1206527439.png', 'image/png', 190560, 'SC41182');
insert into VehicleRental.upload_file_response (id, file_download_uri, file_name, file_type, size, vehicle_id) values (29, 'http://localhost:8080/downloadFile/031913700_1206527439.png', '031913700_1206527439.png', 'image/png', 190560, '309LLB');
insert into VehicleRental.upload_file_response (id, file_download_uri, file_name, file_type, size, vehicle_id) values (30, 'http://localhost:8080/downloadFile/031913700_1206527439.png', '031913700_1206527439.png', 'image/png', 190560, '3BG481');
insert into VehicleRental.upload_file_response (id, file_download_uri, file_name, file_type, size, vehicle_id) values (31, 'http://localhost:8080/downloadFile/031913700_1206527439.png', '031913700_1206527439.png', 'image/png', 190560, '8AHN921');
insert into VehicleRental.upload_file_response (id, file_download_uri, file_name, file_type, size, vehicle_id) values (32, 'http://localhost:8080/downloadFile/031913700_1206527439.png', '031913700_1206527439.png', 'image/png', 190560, '3C6LD4B');
insert into VehicleRental.upload_file_response (id, file_download_uri, file_name, file_type, size, vehicle_id) values (33, 'http://localhost:8080/downloadFile/031913700_1206527439.png', '031913700_1206527439.png', 'image/png', 190560, 'JTHBL1EF');
insert into VehicleRental.upload_file_response (id, file_download_uri, file_name, file_type, size, vehicle_id) values (34, 'http://localhost:8080/downloadFile/031913700_1206527439.png', '031913700_1206527439.png', 'image/png', 190560, '3GTXCYEJ');
insert into VehicleRental.upload_file_response (id, file_download_uri, file_name, file_type, size, vehicle_id) values (35, 'http://localhost:8080/downloadFile/031913700_1206527439.png', '031913700_1206527439.png', 'image/png', 190560, 'WA1CYBFE');
insert into VehicleRental.upload_file_response (id, file_download_uri, file_name, file_type, size, vehicle_id) values (36, 'http://localhost:8080/downloadFile/031913700_1206527439.png', '031913700_1206527439.png', 'image/png', 190560, '1FT7W2A6');
insert into VehicleRental.upload_file_response (id, file_download_uri, file_name, file_type, size, vehicle_id) values (37, 'http://localhost:8080/downloadFile/031913700_1206527439.png', '031913700_1206527439.png', 'image/png', 190560, '3GYFNEEY');
insert into VehicleRental.upload_file_response (id, file_download_uri, file_name, file_type, size, vehicle_id) values (38, 'http://localhost:8080/downloadFile/031913700_1206527439.png', '031913700_1206527439.png', 'image/png', 190560, '5TDDK3DC');
insert into VehicleRental.upload_file_response (id, file_download_uri, file_name, file_type, size, vehicle_id) values (39, 'http://localhost:8080/downloadFile/031913700_1206527439.png', '031913700_1206527439.png', 'image/png', 190560, 'WBY2Z2C5');
insert into VehicleRental.upload_file_response (id, file_download_uri, file_name, file_type, size, vehicle_id) values (40, 'http://localhost:8080/downloadFile/031913700_1206527439.png', '031913700_1206527439.png', 'image/png', 190560, '2C3CCAHG');
insert into VehicleRental.upload_file_response (id, file_download_uri, file_name, file_type, size, vehicle_id) values (41, 'http://localhost:8080/downloadFile/031913700_1206527439.png', '031913700_1206527439.png', 'image/png', 190560, '1FTSW3B5');
insert into VehicleRental.upload_file_response (id, file_download_uri, file_name, file_type, size, vehicle_id) values (42, 'http://localhost:8080/downloadFile/031913700_1206527439.png', '031913700_1206527439.png', 'image/png', 190560, 'WDDEJ7KB');
insert into VehicleRental.upload_file_response (id, file_download_uri, file_name, file_type, size, vehicle_id) values (43, 'http://localhost:8080/downloadFile/031913700_1206527439.png', '031913700_1206527439.png', 'image/png', 190560, 'KNALW4D4');
insert into VehicleRental.upload_file_response (id, file_download_uri, file_name, file_type, size, vehicle_id) values (44, 'http://localhost:8080/downloadFile/031913700_1206527439.png', '031913700_1206527439.png', 'image/png', 190560, 'WAUJC68E');
insert into VehicleRental.upload_file_response (id, file_download_uri, file_name, file_type, size, vehicle_id) values (45, 'http://localhost:8080/downloadFile/031913700_1206527439.png', '031913700_1206527439.png', 'image/png', 190560, '2G4WC582');
insert into VehicleRental.upload_file_response (id, file_download_uri, file_name, file_type, size, vehicle_id) values (46, 'http://localhost:8080/downloadFile/031913700_1206527439.png', '031913700_1206527439.png', 'image/png', 190560, 'WBA3N7C5');
insert into VehicleRental.upload_file_response (id, file_download_uri, file_name, file_type, size, vehicle_id) values (47, 'http://localhost:8080/downloadFile/031913700_1206527439.png', '031913700_1206527439.png', 'image/png', 190560, 'WAUJC68A');
insert into VehicleRental.upload_file_response (id, file_download_uri, file_name, file_type, size, vehicle_id) values (48, 'http://localhost:8080/downloadFile/031913700_1206527439.png', '031913700_1206527439.png', 'image/png', 190560, 'JH4KB265');
insert into VehicleRental.upload_file_response (id, file_download_uri, file_name, file_type, size, vehicle_id) values (49, 'http://localhost:8080/downloadFile/031913700_1206527439.png', '031913700_1206527439.png', 'image/png', 190560, '3D7TP2CT');
